{
  "2D": 7872.33099889755,
  "3D": 35.6579999923705,
  "Editor": 27261.4750006199,
  "Script": 19353.48600173
}