{
  "2D": 14.0239996910095,
  "3D": 12.914999961853,
  "Editor": 337.638000011444,
  "Script": 310.699000358581
}