{
  "2D": 7581.88099884986,
  "Editor": 18214.9330003262,
  "Script": 10633.0520014763
}