{
  "2D": 7189.45499873161,
  "Editor": 15375.8499999046,
  "Script": 8186.39500117303
}