{
  "2D": 5897.19399905205,
  "3D": 38.7960000038148,
  "Editor": 7512.57699942589,
  "Script": 1576.58700037003
}