{
  "2D": 5762.4869992733,
  "3D": 23.7910001277924,
  "Editor": 7214.71899986267,
  "Script": 1428.44100046158
}