{
  "2D": 7591.49699878692,
  "Editor": 24436.0690002441,
  "Script": 16843.0350015163
}