{
  "2D": 4294.97799968719,
  "3D": 14.2430000305176,
  "Editor": 4744.30399990082,
  "Script": 435.083000183105
}