{
  "2D": 5923.18099927902,
  "3D": 48.6569998264314,
  "Editor": 7601.50799942017,
  "Script": 1629.67000031472
}