{
  "2D": 7570.39699888229,
  "Editor": 16686.5470001698,
  "Script": 9116.15000128748
}