{
  "2D": 6426.58099913597,
  "Editor": 8913.50899934769,
  "Script": 2486.92800021172
}