{
  "2D": 7591.49699878692,
  "3D": 2.59200000762939,
  "Editor": 24232.8850002288,
  "Script": 16638.7960014343
}