{
  "2D": 5847.04199910164,
  "3D": 32.2530000209809,
  "Editor": 7428.82799959183,
  "Script": 1549.53300046921
}