{
  "2D": 6426.58099913597,
  "Editor": 10948.6289994717,
  "Script": 4522.0480003357
}