{
  "2D": 6553.15199923515,
  "3D": 0,
  "Editor": 12052.3209996224,
  "Script": 5496.72700047494
}
