{
  "2D": 5953.14499926567,
  "3D": 59.6399998664857,
  "Editor": 7642.45499944687,
  "Script": 1629.67000031472
}